username,subreddit,comment_count
user_0,nba,5
user_0,nfl,4
user_0,soccer,4
user_0,baseball,5
user_1,nba,5
user_1,nfl,3
user_1,soccer,5
user_1,baseball,4
user_2,nba,6
user_2,nfl,7
user_2,soccer,2
user_2,baseball,5
user_3,nba,5
user_3,nfl,6
user_3,soccer,4
user_3,baseball,6
user_4,nba,6
user_4,nfl,1
user_4,soccer,7
user_4,baseball,2
user_5,nba,11
user_5,nfl,4
user_5,soccer,3
user_5,baseball,8
user_6,nba,3
user_6,nfl,3
user_6,soccer,5
user_6,baseball,8
user_7,nba,3
user_7,nfl,2
user_7,soccer,5
user_7,baseball,3
user_8,nba,8
user_8,nfl,10
user_8,soccer,3
user_8,baseball,2
user_9,nba,5
user_9,nfl,7
user_9,soccer,6
user_9,baseball,6
user_10,nba,2
user_10,nfl,4
user_10,soccer,9
user_10,baseball,7
user_11,nba,11
user_11,nfl,8
user_11,soccer,3
user_11,baseball,2
user_12,nba,3
user_12,nfl,4
user_12,soccer,5
user_12,baseball,5
user_13,nba,4
user_13,nfl,3
user_13,soccer,8
user_13,baseball,2
user_14,nba,1
user_14,nfl,4
user_14,soccer,5
user_14,baseball,4
user_15,nba,3
user_15,nfl,4
user_15,soccer,8
user_15,baseball,2
user_16,nba,2
user_16,nfl,2
user_16,soccer,7
user_16,baseball,6
user_17,nba,7
user_17,nfl,6
user_17,soccer,7
user_17,baseball,6
user_18,nba,4
user_18,nfl,2
user_18,soccer,3
user_18,baseball,4
user_19,nba,7
user_19,nfl,4
user_19,soccer,3
user_19,baseball,2
user_20,nba,6
user_20,nfl,3
user_20,soccer,5
user_20,baseball,9
user_21,nba,6
user_21,nfl,6
user_21,soccer,9
user_21,baseball,4
user_22,nba,9
user_22,nfl,2
user_22,soccer,10
user_22,baseball,6
user_23,nba,9
user_23,nfl,4
user_23,soccer,1
user_23,baseball,6
user_24,nba,8
user_24,nfl,6
user_24,soccer,2
user_24,baseball,3
user_25,nba,5
user_25,nfl,3
user_25,soccer,3
user_25,baseball,5
user_26,nba,6
user_26,nfl,5
user_26,soccer,3
user_26,baseball,5
user_27,nba,3
user_27,nfl,3
user_27,soccer,6
user_27,baseball,5
user_28,nba,6
user_28,nfl,2
user_28,soccer,4
user_28,baseball,7
user_29,nba,6
user_29,nfl,5
user_29,soccer,4
user_29,baseball,3
user_30,nba,3
user_30,nfl,7
user_30,soccer,7
user_30,baseball,6
user_31,nba,6
user_31,nfl,7
user_31,soccer,8
user_31,baseball,6
user_32,nba,3
user_32,nfl,7
user_32,soccer,5
user_32,baseball,5
user_33,nba,7
user_33,nfl,4
user_33,soccer,9
user_33,baseball,4
user_34,nba,5
user_34,nfl,2
user_34,soccer,6
user_34,baseball,3
user_35,nba,6
user_35,nfl,2
user_35,soccer,3
user_35,baseball,5
user_36,nba,3
user_36,nfl,4
user_36,soccer,5
user_36,baseball,6
user_37,nba,3
user_37,nfl,3
user_37,soccer,4
user_37,baseball,5
user_38,nba,4
user_38,nfl,2
user_38,soccer,6
user_38,baseball,6
user_39,nba,8
user_39,nfl,1
user_39,soccer,6
user_39,baseball,2
user_40,nba,5
user_40,nfl,2
user_40,soccer,6
user_40,baseball,4
user_41,nba,3
user_41,nfl,5
user_41,soccer,6
user_41,baseball,3
user_42,nba,4
user_42,nfl,8
user_42,soccer,4
user_42,baseball,10
user_43,nba,4
user_43,nfl,5
user_43,soccer,10
user_43,baseball,3
user_44,nba,4
user_44,nfl,7
user_44,soccer,5
user_44,baseball,10
user_45,nba,4
user_45,nfl,2
user_45,soccer,3
user_45,baseball,5
user_46,nba,8
user_46,nfl,4
user_46,soccer,3
user_46,baseball,8
user_47,nba,6
user_47,nfl,8
user_47,soccer,3
user_47,baseball,3
user_48,nba,5
user_48,nfl,11
user_48,soccer,7
user_48,baseball,4
user_49,nba,3
user_49,nfl,8
user_49,soccer,8
user_49,baseball,3
user_50,nba,3
user_50,nfl,6
user_50,soccer,2
user_50,baseball,7
user_51,nba,5
user_51,nfl,5
user_51,soccer,6
user_51,baseball,1
user_52,nba,10
user_52,nfl,2
user_52,soccer,5
user_52,baseball,4
user_53,nba,5
user_53,nfl,4
user_53,soccer,5
user_53,baseball,6
user_54,nba,1
user_54,nfl,3
user_54,soccer,2
user_54,baseball,5
user_55,nba,4
user_55,nfl,7
user_55,soccer,7
user_55,baseball,2
user_56,nba,6
user_56,nfl,7
user_56,soccer,2
user_56,baseball,7
user_57,nba,5
user_57,nfl,7
user_57,soccer,6
user_57,baseball,5
user_58,nba,6
user_58,nfl,5
user_58,soccer,4
user_58,baseball,7
user_59,nba,1
user_59,nfl,8
user_59,soccer,4
user_59,baseball,5
user_60,nba,3
user_60,nfl,7
user_60,soccer,2
user_60,baseball,5
user_61,nba,10
user_61,nfl,7
user_61,soccer,7
user_61,baseball,10
user_62,nba,1
user_62,nfl,5
user_62,soccer,3
user_62,baseball,8
user_63,nba,7
user_63,nfl,3
user_63,soccer,1
user_63,baseball,5
user_64,nba,3
user_64,nfl,6
user_64,soccer,3
user_64,baseball,4
user_65,nba,5
user_65,nfl,8
user_65,soccer,7
user_65,baseball,5
user_66,nba,4
user_66,nfl,6
user_66,soccer,8
user_66,baseball,4
user_67,nba,3
user_67,nfl,2
user_67,soccer,3
user_67,baseball,9
user_68,nba,5
user_68,nfl,4
user_68,soccer,7
user_68,baseball,8
user_69,nba,4
user_69,nfl,4
user_69,soccer,8
user_69,baseball,5
user_70,nba,5
user_70,nfl,6
user_70,soccer,7
user_70,baseball,2
user_71,nba,1
user_71,nfl,7
user_71,soccer,5
user_71,baseball,4
user_72,nba,4
user_72,nfl,3
user_72,soccer,8
user_72,baseball,7
user_73,nba,1
user_73,nfl,2
user_73,soccer,4
user_73,baseball,6
user_74,nba,4
user_74,nfl,6
user_74,soccer,8
user_74,baseball,7
user_75,nba,5
user_75,nfl,2
user_75,soccer,1
user_75,baseball,7
user_76,nba,4
user_76,nfl,1
user_76,soccer,6
user_76,baseball,5
user_77,nba,8
user_77,nfl,5
user_77,soccer,4
user_77,baseball,10
user_78,nba,7
user_78,nfl,4
user_78,soccer,8
user_78,baseball,5
user_79,nba,5
user_79,nfl,5
user_79,soccer,2
user_79,baseball,3
user_80,nba,4
user_80,nfl,9
user_80,soccer,0
user_80,baseball,5
user_81,nba,5
user_81,nfl,5
user_81,soccer,5
user_81,baseball,4
user_82,nba,9
user_82,nfl,6
user_82,soccer,2
user_82,baseball,6
user_83,nba,6
user_83,nfl,6
user_83,soccer,5
user_83,baseball,2
user_84,nba,5
user_84,nfl,3
user_84,soccer,3
user_84,baseball,3
user_85,nba,6
user_85,nfl,6
user_85,soccer,4
user_85,baseball,5
user_86,nba,5
user_86,nfl,7
user_86,soccer,5
user_86,baseball,3
user_87,nba,4
user_87,nfl,7
user_87,soccer,5
user_87,baseball,7
user_88,nba,8
user_88,nfl,7
user_88,soccer,5
user_88,baseball,8
user_89,nba,4
user_89,nfl,6
user_89,soccer,8
user_89,baseball,6
user_90,nba,3
user_90,nfl,8
user_90,soccer,4
user_90,baseball,7
user_91,nba,2
user_91,nfl,10
user_91,soccer,6
user_91,baseball,4
user_92,nba,5
user_92,nfl,6
user_92,soccer,4
user_92,baseball,5
user_93,nba,6
user_93,nfl,3
user_93,soccer,7
user_93,baseball,7
user_94,nba,8
user_94,nfl,4
user_94,soccer,7
user_94,baseball,3
user_95,nba,4
user_95,nfl,4
user_95,soccer,0
user_95,baseball,1
user_96,nba,1
user_96,nfl,7
user_96,soccer,5
user_96,baseball,5
user_97,nba,8
user_97,nfl,3
user_97,soccer,5
user_97,baseball,3
user_98,nba,5
user_98,nfl,1
user_98,soccer,7
user_98,baseball,2
user_99,nba,4
user_99,nfl,6
user_99,soccer,7
user_99,baseball,9
